{"cameraMode":{"drawMode":0,"name":"Shaded","section":"Shading Mode"},"sceneLighting":false,"audioPlay":false,"sceneViewState":{"m_AlwaysRefresh":false,"showFog":true,"showSkybox":false,"showFlares":true,"showImageEffects":true,"showParticleSystems":true,"showVisualEffectGraphs":true,"m_FxEnabled":true},"in2DMode":false,"pivot":{"x":-12.745162010192871,"y":-2.8961431980133058,"z":-0.9543757438659668},"rotation":{"x":-0.07618694752454758,"y":0.7315049171447754,"z":-0.08287225663661957,"w":-0.6724840402603149},"size":6.8074469566345219,"orthographic":false}