{"cameraMode":{"drawMode":0,"name":"Shaded","section":"Shading Mode"},"sceneLighting":false,"audioPlay":false,"sceneViewState":{"m_AlwaysRefresh":false,"showFog":true,"showSkybox":false,"showFlares":true,"showImageEffects":true,"showParticleSystems":true,"showVisualEffectGraphs":true,"m_FxEnabled":true},"in2DMode":false,"pivot":{"x":0.09645551443099976,"y":0.05544835329055786,"z":-0.21189969778060914},"rotation":{"x":0.0019329966744408012,"y":-0.6972704529762268,"z":-0.0018718903884291649,"w":-0.7167993783950806},"size":0.3489789068698883,"orthographic":false}