{"cameraMode":{"drawMode":0,"name":"Shaded","section":"Shading Mode"},"sceneLighting":false,"audioPlay":false,"sceneViewState":{"m_AlwaysRefresh":false,"showFog":true,"showSkybox":false,"showFlares":true,"showImageEffects":true,"showParticleSystems":true,"showVisualEffectGraphs":true,"m_FxEnabled":true},"in2DMode":false,"pivot":{"x":-0.2298581749200821,"y":0.13545718789100648,"z":-0.043075598776340488},"rotation":{"x":-0.3054470419883728,"y":0.04767649620771408,"z":-0.015314985066652298,"w":-0.9508928656578064},"size":0.3736264407634735,"orthographic":false}