{"cameraMode":{"drawMode":0,"name":"Shaded","section":"Shading Mode"},"sceneLighting":true,"audioPlay":false,"sceneViewState":{"m_AlwaysRefresh":false,"showFog":true,"showSkybox":true,"showFlares":true,"showImageEffects":true,"showParticleSystems":true,"showVisualEffectGraphs":true,"m_FxEnabled":true},"in2DMode":false,"pivot":{"x":161.78256225585938,"y":0.45753219723701479,"z":106.45419311523438},"rotation":{"x":0.0031403168104588987,"y":0.9809296727180481,"z":-0.1940556913614273,"w":0.014975156635046006},"size":0.8636958599090576,"orthographic":false}