{"cameraMode":{"drawMode":0,"name":"Shaded","section":"Shading Mode"},"sceneLighting":false,"audioPlay":false,"sceneViewState":{"m_AlwaysRefresh":false,"showFog":true,"showSkybox":false,"showFlares":true,"showImageEffects":true,"showParticleSystems":true,"showVisualEffectGraphs":true,"m_FxEnabled":true},"in2DMode":false,"pivot":{"x":0.19026727974414826,"y":0.07830360531806946,"z":-0.4222535789012909},"rotation":{"x":0.0008381915395148099,"y":0.9552029371261597,"z":-0.0022546083200722934,"w":0.29548946022987368},"size":0.3736264407634735,"orthographic":false}