{"cameraMode":{"drawMode":0,"name":"Shaded","section":"Shading Mode"},"sceneLighting":false,"audioPlay":false,"sceneViewState":{"m_AlwaysRefresh":false,"showFog":true,"showSkybox":false,"showFlares":true,"showImageEffects":true,"showParticleSystems":true,"showVisualEffectGraphs":true,"m_FxEnabled":true},"in2DMode":false,"pivot":{"x":2.450572967529297,"y":6.581758499145508,"z":5.890139579772949},"rotation":{"x":0.31487980484962466,"y":-0.017099490389227868,"z":0.0013032498536631466,"w":0.9507901668548584},"size":32.42118835449219,"orthographic":false}