{"cameraMode":{"drawMode":0,"name":"Shaded","section":"Shading Mode"},"sceneLighting":false,"audioPlay":false,"sceneViewState":{"m_AlwaysRefresh":false,"showFog":true,"showSkybox":false,"showFlares":true,"showImageEffects":true,"showParticleSystems":true,"showVisualEffectGraphs":true,"m_FxEnabled":true},"in2DMode":false,"pivot":{"x":-8.704830169677735,"y":-12.093090057373047,"z":-12.696518898010254},"rotation":{"x":0.13402177393436433,"y":-0.11271839588880539,"z":0.015345456078648568,"w":0.9844314455986023},"size":12.241976737976075,"orthographic":false}