{"cameraMode":{"drawMode":0,"name":"Shaded","section":"Shading Mode"},"sceneLighting":false,"audioPlay":false,"sceneViewState":{"m_AlwaysRefresh":false,"showFog":true,"showSkybox":false,"showFlares":true,"showImageEffects":true,"showParticleSystems":true,"showVisualEffectGraphs":true,"m_FxEnabled":true},"in2DMode":false,"pivot":{"x":1.5832483768463136e-8,"y":9.313225746154786e-10,"z":0.035037390887737277},"rotation":{"x":-0.10691743344068527,"y":0.17017017304897309,"z":-0.01944047026336193,"w":-0.9791911244392395},"size":0.03605937957763672,"orthographic":false}