{"cameraMode":{"drawMode":0,"name":"Shaded","section":"Shading Mode"},"sceneLighting":false,"audioPlay":false,"sceneViewState":{"m_AlwaysRefresh":false,"showFog":true,"showSkybox":false,"showFlares":true,"showImageEffects":true,"showParticleSystems":true,"showVisualEffectGraphs":true,"m_FxEnabled":true},"in2DMode":false,"pivot":{"x":0.01464979536831379,"y":0.01661098748445511,"z":-0.15386851131916047},"rotation":{"x":0.03029046393930912,"y":0.8632036447525024,"z":-0.5010096430778503,"w":0.051755767315626147},"size":0.040163010358810428,"orthographic":false}