{"cameraMode":{"drawMode":0,"name":"Shaded","section":"Shading Mode"},"sceneLighting":false,"audioPlay":false,"sceneViewState":{"m_AlwaysRefresh":false,"showFog":true,"showSkybox":false,"showFlares":true,"showImageEffects":true,"showParticleSystems":true,"showVisualEffectGraphs":true,"m_FxEnabled":true},"in2DMode":false,"pivot":{"x":-0.00025522708892822266,"y":0.060830842703580859,"z":0.0061738500371575359},"rotation":{"x":-0.0743848904967308,"y":0.7468662261962891,"z":-0.08525490760803223,"w":-0.6550796031951904},"size":0.0659555047750473,"orthographic":false}