{"cameraMode":{"drawMode":0,"name":"Shaded","section":"Shading Mode"},"sceneLighting":true,"audioPlay":false,"sceneViewState":{"m_AlwaysRefresh":false,"showFog":true,"showSkybox":true,"showFlares":true,"showImageEffects":true,"showParticleSystems":true,"showVisualEffectGraphs":true,"m_FxEnabled":true},"in2DMode":false,"pivot":{"x":140.11807250976563,"y":0.5037466287612915,"z":28.224891662597658},"rotation":{"x":-0.20217223465442658,"y":-0.6078221797943115,"z":0.17524641752243043,"w":-0.7499905228614807},"size":3.8405120372772219,"orthographic":false}