{"cameraMode":{"drawMode":0,"name":"Shaded","section":"Shading Mode"},"sceneLighting":true,"audioPlay":false,"sceneViewState":{"m_AlwaysRefresh":false,"showFog":true,"showSkybox":true,"showFlares":true,"showImageEffects":true,"showParticleSystems":true,"showVisualEffectGraphs":true,"m_FxEnabled":true},"in2DMode":false,"pivot":{"x":119.93984985351563,"y":32.187679290771487,"z":82.13793182373047},"rotation":{"x":-0.4600701332092285,"y":0.03581053018569946,"z":-0.010100074112415314,"w":-0.8890856504440308},"size":4.193935394287109,"orthographic":false}