{"cameraMode":{"drawMode":0,"name":"Shaded","section":"Shading Mode"},"sceneLighting":false,"audioPlay":false,"sceneViewState":{"m_AlwaysRefresh":false,"showFog":true,"showSkybox":false,"showFlares":true,"showImageEffects":true,"showParticleSystems":true,"showVisualEffectGraphs":true,"m_FxEnabled":true},"in2DMode":false,"pivot":{"x":-0.1128813698887825,"y":0.12417818605899811,"z":0.18054383993148805},"rotation":{"x":0.004963546060025692,"y":0.9652197957038879,"z":-0.2602825164794922,"w":0.017312731593847276},"size":0.026374993845820428,"orthographic":false}