{"cameraMode":{"drawMode":0,"name":"Shaded","section":"Shading Mode"},"sceneLighting":false,"audioPlay":false,"sceneViewState":{"m_AlwaysRefresh":false,"showFog":true,"showSkybox":false,"showFlares":true,"showImageEffects":true,"showParticleSystems":true,"showVisualEffectGraphs":true,"m_FxEnabled":true},"in2DMode":false,"pivot":{"x":-0.45585545897483828,"y":-0.10906477272510529,"z":-0.3217243254184723},"rotation":{"x":-0.017540154978632928,"y":0.8205792903900147,"z":-0.025430794805288316,"w":-0.5704615712165833},"size":0.39464253187179568,"orthographic":false}